id,first name,last name,email,gender,airport code
1,Jermain,Degue,jdegue0@aol.com,Non-binary,MTE
2,Gianina,Moralis,gmoralis1@cnet.com,Female,FEK
3,Samuel,Featley,sfeatley2@i2i.jp,Non-binary,LTU
4,Jodie,Bockmaster,jbockmaster3@livejournal.com,Female,XNG
5,Sallyanne,Jaffra,sjaffra4@cbslocal.com,Female,ILE
6,Zollie,Blue,zblue5@naver.com,Male,SSX
7,Zena,Patise,zpatise6@bloomberg.com,Non-binary,XVL
8,Deva,Wedlake,dwedlake7@about.com,Female,EDN
9,Jillian,Sedgmond,jsedgmond8@networkadvertising.org,Agender,WGT
10,Renado,Greendale,rgreendale9@purevolume.com,Male,AEY
11,Auberta,Bentame,abentamea@mac.com,Female,YTG
12,Rubin,Handaside,rhandasideb@chron.com,Male,CBC
13,Gabi,Kleinhandler,gkleinhandlerc@yahoo.com,Male,CYO
14,Phillipp,Cray,pcrayd@histats.com,Male,PHI
15,Harlin,Bercher,hberchere@va.gov,Male,TCT
16,Daffie,Barnsley,dbarnsleyf@go.com,Female,PTU
17,Bondy,Kunzel,bkunzelg@ftc.gov,Male,GDT
18,Joelie,Stiebler,jstieblerh@loc.gov,Female,MFV
19,Delia,Boustred,dboustredi@examiner.com,Female,PCB
20,Weidar,Gouldthorp,wgouldthorpj@xinhuanet.com,Male,LNI
21,Burr,Pogue,bpoguek@bloomberg.com,Male,SEH
22,Filip,Comsty,fcomstyl@upenn.edu,Male,KDN
23,Meyer,Gasker,mgaskerm@goo.gl,Male,ORE
24,Bartie,Bernhart,bbernhartn@bigcartel.com,Male,TBJ
25,Ralf,Birchenough,rbirchenougho@linkedin.com,Male,VDC
26,Emelyne,ducarme,educarmep@prnewswire.com,Female,KGO
27,Dian,MacSkeagan,dmacskeaganq@godaddy.com,Female,MDG
28,Rooney,Tomanek,rtomanekr@usnews.com,Male,VSG
29,Lotti,Crotch,lcrotchs@netvibes.com,Female,NOZ
30,Emelen,Pink,epinkt@unicef.org,Male,BAA
31,Clarabelle,Buscher,cbuscheru@ow.ly,Female,LRF
32,Gratia,Boch,gbochv@blog.com,Female,LSV
33,Audrie,Grafhom,agrafhomw@imageshack.us,Female,SSD
34,Rudd,Glentworth,rglentworthx@samsung.com,Male,DJH
35,Faydra,De Gouy,fdegouyy@wikispaces.com,Female,SDK
36,Zaccaria,Vanyushin,zvanyushinz@over-blog.com,Male,SQU
37,Mariellen,Skoof,mskoof10@si.edu,Female,KNJ
38,Andy,Vawton,avawton11@howstuffworks.com,Female,LMO
39,Orazio,Fellis,ofellis12@slashdot.org,Male,BEM
40,Darill,Gounod,dgounod13@cbc.ca,Male,ZAC
41,Arvie,Miche,amiche14@comsenz.com,Male,RCL
42,Tammi,Tetsall,ttetsall15@who.int,Female,WAZ
43,Lyndsey,Horbath,lhorbath16@diigo.com,Female,GCM
44,Modestine,Regenhardt,mregenhardt17@usgs.gov,Female,BLM
45,Erie,Piolli,epiolli18@pinterest.com,Bigender,VRA
46,Ambrosio,Eakins,aeakins19@bizjournals.com,Male,PRG
47,Aleen,Balfour,abalfour1a@taobao.com,Female,JEJ
48,Ermengarde,Swepstone,eswepstone1b@globo.com,Genderqueer,JUZ
49,Eliot,Stocker,estocker1c@domainmarket.com,Male,AJY
50,Nicoline,Snailham,nsnailham1d@mapy.cz,Female,JRB
51,Denise,Rudolph,drudolph1e@51.la,Female,OWA
52,Nollie,Loveman,nloveman1f@a8.net,Female,YVR
53,Candi,Rowbottam,crowbottam1g@whitehouse.gov,Female,EUO
54,Cirillo,Trustrie,ctrustrie1h@archive.org,Male,LPF
55,Salomi,Hedan,shedan1i@wired.com,Genderfluid,TYG
56,Chaddie,Duker,cduker1j@state.gov,Genderfluid,SJV
57,Claresta,Stockin,cstockin1k@storify.com,Female,CRT
58,Davy,Kolodziejski,dkolodziejski1l@washington.edu,Male,WMT
59,Kimmy,Winfindale,kwinfindale1m@bizjournals.com,Female,LKB
60,Scotty,Beardon,sbeardon1n@desdev.cn,Male,DAF
61,Celestyn,Westnage,cwestnage1o@devhub.com,Bigender,SXQ
62,Pete,Durant,pdurant1p@discuz.net,Male,PLQ
63,Druci,Izak,dizak1q@fda.gov,Female,YNH
64,Gwenora,Thewlis,gthewlis1r@gmpg.org,Female,EGO
65,Harmon,O'Dee,hodee1s@squarespace.com,Male,BEY
66,Zacherie,Skamal,zskamal1t@jalbum.net,Male,PPB
67,Janelle,Nutt,jnutt1u@cdc.gov,Female,SUO
68,Kellby,Byne,kbyne1v@nbcnews.com,Male,MDU
69,Dietrich,Haycox,dhaycox1w@addthis.com,Male,PAV
70,Willy,Bownde,wbownde1x@hugedomains.com,Female,JKR
71,Johanna,Domesday,jdomesday1y@oracle.com,Female,MMY
72,Vernon,Govan,vgovan1z@home.pl,Non-binary,GDX
73,Evangeline,Charlson,echarlson20@comcast.net,Female,BSU
74,Burt,Saur,bsaur21@seattletimes.com,Male,ULH
75,Jean,Barbrick,jbarbrick22@china.com.cn,Female,KVL
76,Johny,Glanvill,jglanvill23@chronoengine.com,Male,CPU
77,Lucienne,Jellyman,ljellyman24@1688.com,Female,NAF
78,Cheston,Cassin,ccassin25@loc.gov,Male,OZP
79,Karissa,Keig,kkeig26@senate.gov,Female,KDA
80,Aristotle,Bridden,abridden27@amazon.co.uk,Male,BCX
81,Sully,Lundbeck,slundbeck28@nba.com,Male,TGO
82,Staford,Voaden,svoaden29@desdev.cn,Male,REH
83,Miof mela,Geekin,mgeekin2a@shop-pro.jp,Female,YHH
84,Valentijn,Nunes Nabarro,vnunesnabarro2b@nationalgeographic.com,Male,KWF
85,Leland,Bresner,lbresner2c@aboutads.info,Male,0
86,Mycah,Kennewell,mkennewell2d@opensource.org,Male,LAA
87,Cointon,Svanini,csvanini2e@com.com,Male,TEZ
88,Lucky,Jenik,ljenik2f@histats.com,Female,LVB
89,Eryn,McBeath,emcbeath2g@hexun.com,Agender,CCK
90,Thaxter,Harmar,tharmar2h@marriott.com,Male,HSB
91,Lynett,Cockill,lcockill2i@nyu.edu,Bigender,BBG
92,Kilian,Dilland,kdilland2j@nps.gov,Male,CHX
93,Felicle,Blaze,fblaze2k@bing.com,Female,JEK
94,Rosemonde,Tipper,rtipper2l@mail.ru,Female,BWE
95,Elke,Avrashin,eavrashin2m@dropbox.com,Female,GTF
96,Amandi,Sweynson,asweynson2n@independent.co.uk,Female,CTY
97,Donna,Rudham,drudham2o@noaa.gov,Female,SKQ
98,Ingaberg,Seaking,iseaking2p@tiny.cc,Female,CIC
99,Nealon,Gidley,ngidley2q@wordpress.com,Male,KHT
100,Catlin,Fitzsymon,cfitzsymon2r@unc.edu,Female,PKY
101,Willard,Probets,wprobets2s@chicagotribune.com,Male,LUJ
102,Adolf,Reddyhoff,areddyhoff2t@foxnews.com,Male,LVA
103,Kaitlynn,Niccols,kniccols2u@purevolume.com,Female,CLN
104,Athene,Dyson,adyson2v@chronoengine.com,Female,VOD
105,Clint,Mallard,cmallard2w@mtv.com,Male,WON
106,Merrill,Clamp,mclamp2x@i2i.jp,Female,BGT
107,Maure,Cockshtt,mcockshtt2y@cnbc.com,Female,AXA
108,Edin,Ashfull,eashfull2z@acquirethisname.com,Genderfluid,MWG
109,Ulrica,Ceaser,uceaser30@webmd.com,Female,SNG
110,Drona,Justis,djustis31@icq.com,Female,TLQ
111,Alf,Gordon-Giles,agordongiles32@purevolume.com,Male,AHN
112,Byrom,Aers,baers33@timesonline.co.uk,Male,CNV
113,Teressa,Wyant,twyant34@arizona.edu,Female,ASP
114,Bellina,Garrioch,bgarrioch35@loc.gov,Female,ETE
115,Maure,Langhorn,mlanghorn36@blinklist.com,Female,ONB
116,Sarita,Parnell,sparnell37@yolasite.com,Genderfluid,JON
117,Mose,Van der Brug,mvanderbrug38@washington.edu,Male,YNG
118,Bev,Rein,brein39@cocolog-nifty.com,Male,RJI
119,Seymour,Denyukin,sdenyukin3a@nifty.com,Male,RBO
120,Angel,Gillingham,agillingham3b@globo.com,Male,SLP
121,Robbie,Kubyszek,rkubyszek3c@vistaprint.com,Female,CUR
122,Rosalia,Antonazzi,rantonazzi3d@globo.com,Genderfluid,PVI
123,Ulick,Vamplus,uvamplus3e@home.pl,Male,BRG
124,Myles,Mostyn,mmostyn3f@jugem.jp,Polygender,BBB
125,Rozele,Hazeltine,rhazeltine3g@auda.org.au,Female,RDN
126,Lyndsey,Beernt,lbeernt3h@list-manage.com,Female,SYR
127,Gwyn,Faustian,gfaustian3i@ycombinator.com,Agender,QCU
128,Luca,Romayne,lromayne3j@cpanel.net,Bigender,DER
129,Davidde,Steagall,dsteagall3k@delicious.com,Male,PAD
130,Lars,Maude,lmaude3l@prlog.org,Male,WWP
131,Zandra,Rumbellow,zrumbellow3m@amazon.co.jp,Female,RIG
132,Lynn,Yeardsley,lyeardsley3n@usda.gov,Male,GLO
133,Andy,Sedgeman,asedgeman3o@printfriendly.com,Female,XDA
134,Jake,Bixley,jbixley3p@soundcloud.com,Male,BQB
135,Neale,Mc Caughan,nmccaughan3q@photobucket.com,Male,CRE
136,Elinor,Loody,eloody3r@sourceforge.net,Female,SUU
137,Sergent,Crean,screan3s@free.fr,Male,DWB
138,Tonya,De Brett,tdebrett3t@bloomberg.com,Female,LTA
139,Casie,Broadis,cbroadis3u@toplist.cz,Female,TDV
140,Alejandro,Verheijden,averheijden3v@vistaprint.com,Male,TNH
141,Phillis,Pendry,ppendry3w@dailymotion.com,Bigender,PGM
142,Verney,Haacker,vhaacker3x@statcounter.com,Male,OUG
143,Goraud,Spere,gspere3y@nsw.gov.au,Male,WSY
144,Joanie,Roff,jroff3z@samsung.com,Female,GUV
145,Tammara,Isacke,tisacke40@bbc.co.uk,Female,PWL
146,Gussi,Myerscough,gmyerscough41@marketwatch.com,Female,BOF
147,Brittany,Pavolini,bpavolini42@moonfruit.com,Genderfluid,RCQ
148,Briano,Mazin,bmazin43@live.com,Male,LPB
149,Arleyne,Peaseman,apeaseman44@gnu.org,Female,ERH
150,Hendrika,Restill,hrestill45@wsj.com,Female,LPE
151,Susana,Schwanden,sschwanden46@independent.co.uk,Female,PRD
152,Levin,Fontin,lfontin47@google.de,Male,OYA
153,Budd,Tattersdill,btattersdill48@about.com,Male,TRN
154,Rudy,Shoard,rshoard49@soup.io,Genderqueer,KDA
155,Eleonora,Thurlborn,ethurlborn4a@house.gov,Female,SMR
156,Myrvyn,Beine,mbeine4b@stumbleupon.com,Male,VIV
157,Augustine,Slocket,aslocket4c@guardian.co.uk,Male,QYD
158,Claiborn,Laybourn,claybourn4d@wordpress.com,Male,MDL
159,Errick,Greves,egreves4e@eventbrite.com,Male,HUM
160,Robbert,Elsegood,relsegood4f@wufoo.com,Male,LRA
161,Brinna,Stowell,bstowell4g@studiopress.com,Female,TNV
162,Mayne,Hindsberg,mhindsberg4h@unblog.fr,Male,IIL
163,Gill,Harford,gharford4i@oracle.com,Male,SOO
164,Gustavo,Deschelle,gdeschelle4j@yahoo.co.jp,Genderqueer,THH
165,Pauly,Sarl,psarl4k@gov.uk,Female,SXL
166,Nadeen,Dumbrill,ndumbrill4l@craigslist.org,Female,LHC
167,Broderic,Frankcom,bfrankcom4m@yandex.ru,Male,TFS
168,Kane,Morin,kmorin4n@nhs.uk,Bigender,AQS
169,Breanne,Blucher,bblucher4o@ucla.edu,Female,BZT
170,Ardys,Ottey,aottey4p@hostgator.com,Female,SIS
171,Keir,Belchem,kbelchem4q@ehow.com,Genderfluid,KGX
172,Gaylene,Smeall,gsmeall4r@phpbb.com,Female,VDE
173,Marci,Cohen,mcohen4s@about.com,Female,SUM
174,Cart,Wyeth,cwyeth4t@intel.com,Male,CIT
175,Franny,Burhill,fburhill4u@symantec.com,Female,LGX
176,Emlyn,Calven,ecalven4v@liveinternet.ru,Male,PDS
177,Violante,Manueli,vmanueli4w@china.com.cn,Female,CUP
178,Manya,Pavlishchev,mpavlishchev4x@howstuffworks.com,Female,BXY
179,Damian,Bywater,dbywater4y@hexun.com,Bigender,CLW
180,Casi,Cannop,ccannop4z@dot.gov,Female,SNQ
181,Hewet,Ricci,hricci50@marriott.com,Male,MYO
182,Wat,Greated,wgreated51@xrea.com,Male,YNH
183,Kessiah,Rawes,krawes52@google.es,Genderqueer,WRZ
184,Olga,Bauchop,obauchop53@mediafire.com,Female,JJD
185,Grantley,Rake,grake54@mayoclinic.com,Male,LOR
186,Johnathon,Tree,jtree55@simplemachines.org,Male,LYT
187,Sari,Kitteman,skitteman56@chicagotribune.com,Non-binary,LEB
188,Mireille,Haglington,mhaglington57@bbc.co.uk,Polygender,SZQ
189,Nissa,Hannant,nhannant58@amazonaws.com,Non-binary,GMB
190,Urbano,Bragginton,ubragginton59@berkeley.edu,Male,TRF
191,Nikolaus,Giacomuzzo,ngiacomuzzo5a@cpanel.net,Male,TNR
192,Nataline,Cars,ncars5b@fc2.com,Female,VRS
193,Dominick,Garley,dgarley5c@globo.com,Male,ULY
194,Zackariah,Pittwood,zpittwood5d@jimdo.com,Male,BWJ
195,Jackie,Touhig,jtouhig5e@free.fr,Male,CLU
196,Nicolis,Keach,nkeach5f@goo.gl,Male,MHL
197,Isahella,Ion,iion5g@baidu.com,Female,MZL
198,Diann,Heliet,dheliet5h@mayoclinic.com,Polygender,UIN
199,Kizzee,McGuinley,kmcguinley5i@unesco.org,Female,BDZ
200,Enrique,Redmire,eredmire5j@gravatar.com,Male,SSL
201,Niles,Kirkwood,nkirkwood5k@uol.com.br,Male,XTG
202,Gabe,Birtley,gbirtley5l@kickstarter.com,Male,YKX
203,Titos,Van der Krui,tvanderkrui5m@hc360.com,Male,RND
204,Alessandra,Chilton,achilton5n@nyu.edu,Female,LGE
205,Virgilio,Crowe,vcrowe5o@histats.com,Bigender,QNY
206,Rory,Feake,rfeake5p@cloudflare.com,Female,VVI
207,Blanca,Barnson,bbarnson5q@jiathis.com,Female,XCM
208,Sadie,Dreakin,sdreakin5r@thetimes.co.uk,Female,ADU
209,Wash,Le Barre,wlebarre5s@bloglines.com,Male,LSV
210,Ailsun,Stranio,astranio5t@dedecms.com,Female,RKD
211,Coriss,Shadfourth,cshadfourth5u@ucsd.edu,Female,GMP
212,Jobyna,Wellan,jwellan5v@google.com,Female,AIW
213,Abbott,Doumic,adoumic5w@fastcompany.com,Male,PUU
214,Billy,Eles,beles5x@zdnet.com,Female,AOG
215,Paquito,De Vuyst,pdevuyst5y@behance.net,Male,YLM
216,Lila,Cargenven,lcargenven5z@deliciousdays.com,Female,ASZ
217,Ynez,Showler,yshowler60@seattletimes.com,Female,NCU
218,Merrili,Delucia,mdelucia61@shareasale.com,Female,ASR
219,Quentin,Ormerod,qormerod62@hud.gov,Male,MFF
220,Addy,Sadd,asadd63@imageshack.us,Female,LSO
221,Georgianne,Empringham,gempringham64@microsoft.com,Female,ICI
222,Dorie,Wilbore,dwilbore65@mit.edu,Female,FMS
223,Kassey,Monery,kmonery66@plala.or.jp,Genderqueer,TRH
224,Genvieve,Tessyman,gtessyman67@webnode.com,Female,OVE
225,Janey,Kamiyama,jkamiyama68@harvard.edu,Female,REW
226,Irina,Abbatini,iabbatini69@google.de,Female,FCH
227,Nicolas,Valerio,nvalerio6a@theglobeandmail.com,Polygender,ACA
228,Ferd,Margett,fmargett6b@wikimedia.org,Male,WUN
229,Jehanna,Beller,jbeller6c@columbia.edu,Female,CTM
230,Alexandre,McGuiney,amcguiney6d@un.org,Male,ZKM
231,Linda,Church,lchurch6e@fastcompany.com,Female,ACO
232,Walther,Ackland,wackland6f@wordpress.com,Male,OGO
233,Sarine,Ambrosch,sambrosch6g@dmoz.org,Female,NGB
234,Frayda,Bayle,fbayle6h@nps.gov,Female,IYK
235,Mariel,Seeborne,mseeborne6i@samsung.com,Polygender,BEA
236,Royce,Merwood,rmerwood6j@fda.gov,Polygender,WJA
237,Danyelle,Teanby,dteanby6k@noaa.gov,Bigender,JOP
238,Floyd,Thandi,fthandi6l@prnewswire.com,Male,PEX
239,Alric,Bedberry,abedberry6m@sogou.com,Male,DPO
240,La verne,Paiton,lpaiton6n@toplist.cz,Female,POX
241,Beatriz,Livock,blivock6o@latimes.com,Female,OSN
242,Melisande,Carass,mcarass6p@microsoft.com,Bigender,TKP
243,Tyson,Scintsbury,tscintsbury6q@disqus.com,Male,KZR
244,Bibby,Hunsworth,bhunsworth6r@nyu.edu,Female,HCR
245,Carma,Piquard,cpiquard6s@360.cn,Female,MQG
246,Derk,Andrivot,dandrivot6t@omniture.com,Male,YNT
247,Quintilla,Paskerful,qpaskerful6u@jugem.jp,Female,NCR
248,Gallagher,Kendell,gkendell6v@blogtalkradio.com,Male,KYK
249,Jackie,Staig,jstaig6w@ucoz.com,Female,OKU
250,Nadya,Wride,nwride6x@uol.com.br,Female,BRP
251,Ivonne,Ygoe,iygoe6y@businesswire.com,Genderqueer,IDO
252,Catlaina,Samsworth,csamsworth6z@behance.net,Female,GUE
253,Kalila,Haddow,khaddow70@discovery.com,Female,JKR
254,Charlene,Hawyes,chawyes71@boston.com,Female,BTH
255,Vale,Tumilson,vtumilson72@godaddy.com,Polygender,KAX
256,Renado,Godleman,rgodleman73@1und1.de,Male,PCB
257,Crysta,Freegard,cfreegard74@blogtalkradio.com,Female,LWL
258,Allin,Brewis,abrewis75@issuu.com,Male,MUN
259,Neddy,Everett,neverett76@imdb.com,Male,YQF
260,Edward,Kirwan,ekirwan77@about.com,Male,0
261,Liza,Brunsdon,lbrunsdon78@myspace.com,Female,UEL
262,Cathy,Meaddowcroft,cmeaddowcroft79@cisco.com,Female,SDE
263,Antin,Learmonth,alearmonth7a@nhs.uk,Male,AXV
264,Jessika,Dyche,jdyche7b@last.fm,Female,IMN
265,Sterling,Findlay,sfindlay7c@hexun.com,Male,UDA
266,Russell,Gatherer,rgatherer7d@webnode.com,Male,CGO
267,Scarface,Gerhold,sgerhold7e@washingtonpost.com,Male,AZP
268,Toiboid,Izat,tizat7f@ycombinator.com,Male,KKJ
269,Bethena,Meeks,bmeeks7g@de.vu,Female,DHA
270,Darbee,Cridlon,dcridlon7h@networksolutions.com,Male,HAX
271,Dom,Carty,dcarty7i@dedecms.com,Male,ALN
272,Ethelind,Kikke,ekikke7j@senate.gov,Female,YQR
273,Masha,Comsty,mcomsty7k@mayoclinic.com,Female,DLH
274,Heloise,Pierri,hpierri7l@parallels.com,Female,LNO
275,Bennett,Marston,bmarston7m@redcross.org,Male,AHZ
276,Elroy,Hucke,ehucke7n@icio.us,Male,KWB
277,Jacquelyn,Bischop,jbischop7o@sbwire.com,Female,DCI
278,Enrico,Tym,etym7p@tripadvisor.com,Male,YSG
279,Clyve,Bauld,cbauld7q@telegraph.co.uk,Male,SKI
280,Cyril,Balden,cbalden7r@illinois.edu,Male,SLP
281,Consolata,McGhee,cmcghee7s@rediff.com,Agender,AHT
282,Travis,Brum,tbrum7t@who.int,Male,IPH
283,Cort,Rixon,crixon7u@amazon.co.uk,Male,HOU
284,Adele,Grigson,agrigson7v@disqus.com,Female,WRZ
285,Elenore,Ormond,eormond7w@moonfruit.com,Female,MYS
286,Bartel,Bixley,bbixley7x@examiner.com,Male,KCF
287,Damaris,Roswarne,droswarne7y@sitemeter.com,Female,BSL
288,Rosana,Birchner,rbirchner7z@bing.com,Agender,YKG
289,Mela,Yarnold,myarnold80@icq.com,Female,LPQ
290,Maisie,MacAvddy,mmacavddy81@webeden.co.uk,Female,KOE
291,Marilee,Camocke,mcamocke82@sciencedaily.com,Genderqueer,CJS
292,Frankie,Feare,ffeare83@typepad.com,Male,ASA
293,Isabelita,O'Hartigan,iohartigan84@technorati.com,Bigender,XPL
294,Bogart,Rawlison,brawlison85@bravesites.com,Male,SRP
295,Vidovik,Harrigan,vharrigan86@sakura.ne.jp,Male,SUM
296,Wakefield,Sherwyn,wsherwyn87@mozilla.com,Male,YQH
297,Jdavie,Manuaud,jmanuaud88@domainmarket.com,Male,CKT
298,Kendal,Cradoc,kcradoc89@constantcontact.com,Male,IDI
299,Tirrell,Joannic,tjoannic8a@wordpress.org,Male,TRM
300,Michelle,Darrigrand,mdarrigrand8b@prweb.com,Female,JDR
301,Erskine,Roels,eroels8c@nhs.uk,Male,CHC
302,Sigismund,Ebden,sebden8d@unc.edu,Male,DLG
303,Ami,Gatiss,agatiss8e@mail.ru,Agender,MWF
304,Gregorius,Carratt,gcarratt8f@sbwire.com,Male,STH
305,Rutherford,Lipgens,rlipgens8g@jimdo.com,Male,PZU
306,Maxine,Kinvig,mkinvig8h@alibaba.com,Female,BHF
307,Billie,Oxenden,boxenden8i@g.co,Male,MBW
308,Layton,Posnett,lposnett8j@ucoz.ru,Male,TLB
309,Dougy,Lumbly,dlumbly8k@wsj.com,Male,EWK
310,Dwight,Schnitter,dschnitter8l@vinaora.com,Male,ITR
311,Devan,Hovel,dhovel8m@networksolutions.com,Female,GWA
312,Starr,Pershouse,spershouse8n@sciencedaily.com,Female,URS
313,Reinhard,Masding,rmasding8o@hatena.ne.jp,Male,CUZ
314,Marion,Boschmann,mboschmann8p@oaic.gov.au,Female,MIJ
315,Cecilia,Ajsik,cajsik8q@sphinn.com,Female,BFV
316,Austin,Champerlen,achamperlen8r@tamu.edu,Male,APS
317,Shalna,Scamel,sscamel8s@wiley.com,Female,HIE
318,Odey,Postles,opostles8t@nytimes.com,Polygender,HMO
319,Jareb,Quinnette,jquinnette8u@google.com.br,Agender,GYE
320,Gardner,Exley,gexley8v@mozilla.org,Male,MKA
321,Fawnia,Peterffy,fpeterffy8w@ftc.gov,Female,SCG
322,Lucais,Jamieson,ljamieson8x@pbs.org,Male,GUJ
323,Staffard,Kubasiewicz,skubasiewicz8y@discovery.com,Male,DWS
324,Aigneis,Manders,amanders8z@zdnet.com,Female,OKB
325,Ezmeralda,Fernandez,efernandez90@odnoklassniki.ru,Female,AUS
326,Waiter,Sylvaine,wsylvaine91@nhs.uk,Male,YIP
327,Chester,Gemmell,cgemmell92@linkedin.com,Male,GOI
328,Casie,Dewdeny,cdewdeny93@usgs.gov,Female,NKC
329,Dru,Reay,dreay94@hexun.com,Female,MTB
330,Chanda,Cordelle,ccordelle95@storify.com,Female,ILQ
331,Dimitry,Fake,dfake96@google.ca,Male,VLL
332,Ashby,Jewar,ajewar97@instagram.com,Genderfluid,FRL
333,Susana,Gallatly,sgallatly98@friendfeed.com,Female,MQF
334,Saxon,Rosini,srosini99@businessinsider.com,Male,YQC
335,Anjela,Stinson,astinson9a@hao123.com,Female,HMR
336,Webster,Petkens,wpetkens9b@deliciousdays.com,Male,FEL
337,Rorke,Garlick,rgarlick9c@imdb.com,Male,IBL
338,Sergeant,McTrustie,smctrustie9d@facebook.com,Male,GLD
339,Zollie,Titcombe,ztitcombe9e@cbslocal.com,Male,TCP
340,Yanaton,Andreasson,yandreasson9f@tmall.com,Male,TEC
341,Lorne,Wixey,lwixey9g@cbc.ca,Male,IST
342,Mayer,Tolchar,mtolchar9h@typepad.com,Agender,OTL
343,Englebert,Aire,eaire9i@dedecms.com,Male,CFT
344,Chicky,Hayley,chayley9j@prweb.com,Female,BUQ
345,Eddy,Dingate,edingate9k@purevolume.com,Female,WHD
346,Clarie,Hatherall,chatherall9l@dot.gov,Female,BWW
347,Ella,Jellett,ejellett9m@mail.ru,Female,MAI
348,Hulda,Silverman,hsilverman9n@a8.net,Female,YUY
349,Ashia,Gerhts,agerhts9o@wired.com,Female,YUX
350,Mariellen,Gutherson,mgutherson9p@nymag.com,Female,AVB
351,Lenci,Hedau,lhedau9q@blog.com,Male,PDP
352,Cecilia,Bensen,cbensen9r@cdbaby.com,Female,LIY
353,Jazmin,Sharrocks,jsharrocks9s@flickr.com,Female,ICL
354,Maryellen,Bott,mbott9t@twitpic.com,Female,OMM
355,Salome,Chisman,schisman9u@wiley.com,Female,MDN
356,Lynnell,Jardein,ljardein9v@quantcast.com,Female,QSZ
357,Otha,Ziem,oziem9w@amazon.com,Female,SGQ
358,Eartha,Flucker,eflucker9x@sohu.com,Female,SXP
359,Emalee,Cearley,ecearley9y@51.la,Female,AHT
360,Lombard,Dargie,ldargie9z@tinypic.com,Male,BGG
361,Heida,Mack,hmacka0@imageshack.us,Female,FCA
362,Ericka,Gibben,egibbena1@multiply.com,Female,ZIX
363,Boyd,Bentzen,bbentzena2@paginegialle.it,Male,YVZ
364,Jude,Havard,jhavarda3@cdc.gov,Male,NRD
365,Susan,Claricoates,sclaricoatesa4@elegantthemes.com,Female,RUF
366,Garner,Sehorsch,gsehorscha5@blogtalkradio.com,Male,JJI
367,Rhiamon,Celloni,rcellonia6@baidu.com,Female,ADP
368,Ogden,Davley,odavleya7@toplist.cz,Male,CBW
369,Brittaney,Floris,bflorisa8@hc360.com,Female,BSM
370,Paulita,Balling,pballinga9@youku.com,Female,SUQ
371,Anabelle,Sphinxe,asphinxeaa@rambler.ru,Female,KBL
372,Aguste,Northam,anorthamab@harvard.edu,Male,ISN
373,Talya,Libbis,tlibbisac@va.gov,Female,BTX
374,Tandy,Woodyear,twoodyearad@discovery.com,Non-binary,BRP
375,Ade,Guiu,aguiuae@jalbum.net,Male,FUE
376,Eachelle,Lattos,elattosaf@archive.org,Female,VDZ
377,Hilde,Ferreira,hferreiraag@a8.net,Female,TOQ
378,Bunni,Simmins,bsimminsah@washingtonpost.com,Female,GMN
379,Devy,Satterthwaite,dsatterthwaiteai@thetimes.co.uk,Male,BUO
380,Dorisa,Nickolls,dnickollsaj@addtoany.com,Bigender,DWF
381,Wilhelmine,Touson,wtousonak@stumbleupon.com,Female,LUP
382,Janeta,McQuaid,jmcquaidal@cbsnews.com,Female,VYI
383,Dunstan,Baignard,dbaignardam@yellowpages.com,Male,HLL
384,Janifer,Applegate,japplegatean@behance.net,Female,RDC
385,Krysta,Axten,kaxtenao@multiply.com,Female,MXZ
386,Hobey,Fairchild,hfairchildap@theglobeandmail.com,Male,NPA
387,Reinwald,Dunsire,rdunsireaq@yelp.com,Male,MAN
388,Anselm,Swarbrigg,aswarbriggar@tuttocitta.it,Male,YQL
389,Bar,Pietron,bpietronas@msn.com,Male,YWM
390,Izabel,Benny,ibennyat@noaa.gov,Bigender,AUZ
391,Davida,Cathcart,dcathcartau@admin.ch,Female,SNA
392,Ellene,d'Arcy,edarcyav@google.cn,Female,KUL
393,Gian,Broggelli,gbroggelliaw@surveymonkey.com,Male,CLG
394,Ediva,O'Calleran,eocalleranax@homestead.com,Female,MUJ
395,Wendi,Caselli,wcaselliay@cbslocal.com,Polygender,NAP
396,Vicki,Soppett,vsoppettaz@washingtonpost.com,Female,PHW
397,Powell,Rawson,prawsonb0@jiathis.com,Male,CFM
398,Kerri,Gambrell,kgambrellb1@europa.eu,Female,XIE
399,Ailsun,MacQuaker,amacquakerb2@unc.edu,Female,FRA
400,Tim,Pascho,tpaschob3@amazon.co.jp,Male,QWG
401,Elladine,Ridolfi,eridolfib4@archive.org,Female,BTF
402,Inglis,Giacopello,igiacopellob5@tripod.com,Male,DSD
403,Cosme,Jery,cjeryb6@nyu.edu,Male,GOM
404,Pail,Hansmann,phansmannb7@aboutads.info,Male,SZS
405,Skell,Mulcaster,smulcasterb8@auda.org.au,Male,DMM
406,Gilly,Brill,gbrillb9@unblog.fr,Female,SVI
407,Thatch,Fingleton,tfingletonba@ucoz.ru,Male,SJA
408,Clair,Northley,cnorthleybb@mac.com,Male,RMD
409,Bentlee,Ellum,bellumbc@creativecommons.org,Male,MCK
410,Cosmo,Stearn,cstearnbd@1und1.de,Male,RGO
411,Cullan,Seint,cseintbe@free.fr,Male,NRM
412,Shirlee,McPhater,smcphaterbf@bluehost.com,Female,ZOF
413,Tadio,Broadey,tbroadeybg@tiny.cc,Male,SOE
414,Gloriane,Cubberley,gcubberleybh@imdb.com,Female,BID
415,Lyndel,Brayfield,lbrayfieldbi@amazon.com,Female,KWT
416,Shadow,Klaaasen,sklaaasenbj@yolasite.com,Male,BQK
417,Harlan,Selbach,hselbachbk@whitehouse.gov,Male,ERT
418,Vincenz,Toulamain,vtoulamainbl@epa.gov,Male,HLB
419,Pail,Tremellan,ptremellanbm@apache.org,Male,LOB
420,Rocky,Dabrowski,rdabrowskibn@uol.com.br,Male,TPQ
421,Carrol,Furmston,cfurmstonbo@angelfire.com,Male,HEW
422,Arlette,Dyson,adysonbp@addthis.com,Female,UMR
423,Roderick,Strangeways,rstrangewaysbq@cbsnews.com,Male,DGO
424,Syd,Gawthrop,sgawthropbr@irs.gov,Male,INX
425,Corine,Rodnight,crodnightbs@prweb.com,Female,QLS
426,Rory,Jedrych,rjedrychbt@1und1.de,Male,MFA
427,Mozes,Joskowicz,mjoskowiczbu@chron.com,Male,PVE
428,Merissa,Hallum,mhallumbv@cafepress.com,Female,GAC
429,Karine,Moylan,kmoylanbw@shutterfly.com,Female,MHW
430,Graham,Duplock,gduplockbx@sourceforge.net,Male,MWA
431,Neil,Horwell,nhorwellby@angelfire.com,Male,VMI
432,Alfreda,Gribbon,agribbonbz@lycos.com,Female,AKU
433,Mel,Rippingall,mrippingallc0@barnesandnoble.com,Male,THI
434,Maddi,Artist,martistc1@cdbaby.com,Female,DDU
435,Selestina,Kyllford,skyllfordc2@archive.org,Female,AUX
436,Marlowe,Offield,moffieldc3@youtube.com,Male,FRW
437,Janot,O' Donohoe,jodonohoec4@tamu.edu,Female,RVY
438,Eamon,Tabbitt,etabbittc5@techcrunch.com,Male,KON
439,Nerta,Pirouet,npirouetc6@chronoengine.com,Female,TMY
440,Arlena,Wishart,awishartc7@cisco.com,Female,LUV
441,Vasilis,Walbrun,vwalbrunc8@cocolog-nifty.com,Male,EUA
442,Sigvard,Dows,sdowsc9@apache.org,Male,BRG
443,Abby,Pennazzi,apennazzica@paypal.com,Male,WSH
444,Auguste,Housecraft,ahousecraftcb@devhub.com,Female,HEB
445,Ogdan,Dahler,odahlercc@taobao.com,Male,WWA
446,Lauree,Jansey,ljanseycd@narod.ru,Female,EPS
447,Chase,Fairham,cfairhamce@columbia.edu,Male,WLG
448,Eba,Maccrie,emaccriecf@technorati.com,Bigender,WUG
449,June,Wessell,jwessellcg@tripod.com,Female,OVD
450,Raimundo,Macrae,rmacraech@theguardian.com,Male,HAY
451,Neilla,Bronger,nbrongerci@msn.com,Female,LST
452,Shelton,Osgood,sosgoodcj@geocities.com,Male,SJQ
453,Maryl,Chew,mchewck@altervista.org,Female,BWY
454,Baxter,Mowlam,bmowlamcl@dmoz.org,Male,XGG
455,Ellette,Nappin,enappincm@liveinternet.ru,Female,BFM
456,Phaedra,Altham,palthamcn@google.fr,Female,KTM
457,Ibby,Piet,ipietco@hostgator.com,Female,GTS
458,Douglas,Gummow,dgummowcp@addtoany.com,Male,RMT
459,Camel,Vondrach,cvondrachcq@ning.com,Bigender,TAO
460,Patti,Gillise,pgillisecr@usgs.gov,Female,TKP
461,Wynne,Baldazzi,wbaldazzics@smh.com.au,Female,FAE
462,Elvis,Gotthard.sf,egotthardsfct@mapquest.com,Agender,NBH
463,Betta,Gadd,bgaddcu@cbc.ca,Female,RHP
464,Maryellen,Bolver,mbolvercv@4shared.com,Female,0
465,Aileen,Dowears,adowearscw@tumblr.com,Female,PLP
466,Belle,Relfe,brelfecx@drupal.org,Female,PKT
467,Bartolomeo,Thackston,bthackstoncy@google.ca,Male,UKB
468,Mikel,Heffernan,mheffernancz@pcworld.com,Male,JAG
469,Gib,Padberry,gpadberryd0@time.com,Male,OKH
470,Berti,Shillinglaw,bshillinglawd1@i2i.jp,Female,PJG
471,Johanna,Rodgers,jrodgersd2@myspace.com,Female,SRA
472,Mella,Gleadhell,mgleadhelld3@lycos.com,Female,ROW
473,Weylin,Lovitt,wlovittd4@e-recht24.de,Non-binary,PHL
474,Augie,Yashunin,ayashunind5@mozilla.com,Male,MWD
475,Darline,Zaniolo,dzaniolod6@time.com,Female,MER
476,Marcelo,Sendall,msendalld7@mtv.com,Male,FRC
477,Sydney,Sachno,ssachnod8@ustream.tv,Female,CMG
478,Hort,Sciacovelli,hsciacovellid9@sogou.com,Male,LZO
479,Marci,Wesker,mweskerda@opera.com,Female,PGF
480,Nils,Terrett,nterrettdb@google.co.jp,Non-binary,EST
481,Mira,Bethell,mbethelldc@posterous.com,Female,CWX
482,Averill,McPhelimy,amcphelimydd@myspace.com,Male,LLB
483,Idelle,Roughan,iroughande@webeden.co.uk,Female,PKV
484,Anson,Ryle,aryledf@about.me,Male,NIT
485,Stephi,Seatter,sseatterdg@wix.com,Female,MCH
486,Doll,Losbie,dlosbiedh@xing.com,Female,AEH
487,Pandora,Jacquemard,pjacquemarddi@usa.gov,Female,HTS
488,Faustina,Cory,fcorydj@google.ca,Female,ADV
489,Clarissa,Eland,celanddk@redcross.org,Female,TAH
490,Zebulen,Mullard,zmullarddl@blogger.com,Male,HKD
491,Kassandra,Tohill,ktohilldm@youtube.com,Female,VEY
492,Mel,Treswell,mtreswelldn@admin.ch,Genderqueer,YHI
493,Hyacintha,Sketch,hsketchdo@state.gov,Female,GHK
494,Guss,Heinlein,gheinleindp@forbes.com,Genderqueer,STJ
495,Kerwin,Dewer,kdewerdq@altervista.org,Male,SVT
496,Ariadne,Keenlyside,akeenlysidedr@de.vu,Female,KLU
497,Nil,Grindle,ngrindleds@hostgator.com,Male,GUC
498,Pollyanna,Rickersey,prickerseydt@gnu.org,Female,LMZ
499,Arleen,Alsobrook,aalsobrookdu@hexun.com,Female,AGJ
500,Halsy,O'Heyne,hoheynedv@sina.com.cn,Male,TMS
501,Federica,Dudenie,fdudeniedw@nyu.edu,Female,QYD
502,Stacee,Poncet,sponcetdx@ft.com,Female,RAK
503,Casie,Gilfoy,cgilfoydy@statcounter.com,Female,RJH
504,Mercy,Arons,maronsdz@wiley.com,Female,PEC
505,Rich,Edmund,redmunde0@delicious.com,Non-binary,STE
506,Killian,Pendrill,kpendrille1@who.int,Male,DSV
507,Therine,Chilcotte,tchilcottee2@ask.com,Female,GFF
508,Aurel,Bettington,abettingtone3@hugedomains.com,Female,PCO
509,Allene,Culmer,aculmere4@sbwire.com,Female,BKR
510,Templeton,Castelijn,tcastelijne5@craigslist.org,Male,GWS
511,Brandy,Crowley,bcrowleye6@gmpg.org,Female,-
512,Jazmin,Tomashov,jtomashove7@liveinternet.ru,Female,NWI
513,Masha,Hatwell,mhatwelle8@yellowpages.com,Female,TKL
514,Rozanne,Biglin,rbigline9@canalblog.com,Female,THR
515,Kay,Battisson,kbattissonea@about.com,Female,TCX
516,Lorilyn,Domingues,ldomingueseb@ustream.tv,Genderfluid,MPV
517,Alethea,Cable,acableec@wired.com,Female,OJC
518,Huberto,Bleything,hbleythinged@slashdot.org,Male,BLY
519,Hillard,Dudman,hdudmanee@forbes.com,Genderfluid,HTZ
520,Shena,Lotterington,slotteringtonef@illinois.edu,Bigender,QPA
521,Perice,Lansdown,plansdowneg@yahoo.com,Male,KNW
522,Othella,Ions,oionseh@csmonitor.com,Genderfluid,BIE
523,Ernestine,Chastang,echastangei@tiny.cc,Female,DIP
524,Whitney,Merdew,wmerdewej@mac.com,Male,JAM
525,Matti,Hollingshead,mhollingsheadek@posterous.com,Female,ZKE
526,Martina,Evetts,mevettsel@vk.com,Female,XMS
527,Hunter,Klouz,hklouzem@mac.com,Male,CDR
528,Anitra,Toop,atoopen@skype.com,Female,ETZ
529,Reena,Woolatt,rwoolatteo@geocities.jp,Female,ANU
530,Mehetabel,Gamwell,mgamwellep@4shared.com,Female,OXC
531,Godiva,Crowhurst,gcrowhursteq@jigsy.com,Female,CMR
532,Tadeas,Ruppertz,truppertzer@twitpic.com,Male,FLF
533,Burke,Woodbridge,bwoodbridgees@discuz.net,Polygender,YFB
534,Otis,De Bruyne,odebruyneet@nydailynews.com,Male,LKY
535,Darryl,Mulvey,dmulveyeu@wikipedia.org,Male,BHE
536,Ora,Baynam,obaynamev@moonfruit.com,Female,SPJ
537,Ced,Murrock,cmurrockew@seattletimes.com,Male,SLW
538,Nonna,Crowhurst,ncrowhurstex@nationalgeographic.com,Genderqueer,OMD
539,Leanora,Cabotto,lcabottoey@microsoft.com,Female,PEW
540,Ulises,Hamsson,uhamssonez@disqus.com,Male,BWI
541,Dale,Djekovic,ddjekovicf0@webnode.com,Female,OFK
542,Kahaleel,Flower,kflowerf1@toplist.cz,Male,KUF
543,Isador,Nobes,inobesf2@arizona.edu,Genderqueer,YSP
544,Sharia,Lage,slagef3@instagram.com,Female,LGM
545,Kendrick,Crowcum,kcrowcumf4@walmart.com,Male,AOM
546,Abbie,Sweetnam,asweetnamf5@cnbc.com,Female,YAO
547,Malorie,Tressler,mtresslerf6@histats.com,Female,KIS
548,Jaquenetta,Garmons,jgarmonsf7@cargocollective.com,Female,TOZ
549,Iver,Lardier,ilardierf8@sfgate.com,Male,PQC
550,Chaim,Musselwhite,cmusselwhitef9@tinypic.com,Male,VIA
551,Zacharie,Lawrance,zlawrancefa@dot.gov,Polygender,TOW
552,Dannie,Gauson,dgausonfb@nsw.gov.au,Female,RFP
553,Yehudi,Cossell,ycossellfc@si.edu,Male,LJA
554,Avivah,Fuchs,afuchsfd@nba.com,Female,TGQ
555,Flory,Couzens,fcouzensfe@tinyurl.com,Male,JOP
556,Lamond,Delgua,ldelguaff@indiegogo.com,Male,LSN
557,Aubert,Osment,aosmentfg@t-online.de,Male,WLH
558,Othilia,Basili,obasilifh@chron.com,Female,CAM
559,Bryana,Mackinder,bmackinderfi@wufoo.com,Female,JGN
560,Lida,Dallyn,ldallynfj@google.com.au,Female,AFW
561,Andy,MacNair,amacnairfk@pcworld.com,Female,ERV
562,Adriano,Sara,asarafl@google.ca,Male,VIL
563,Zuzana,Redmell,zredmellfm@paypal.com,Female,GEB
564,Richart,Paul,rpaulfn@nsw.gov.au,Male,WAQ
565,Ingeborg,Moral,imoralfo@timesonline.co.uk,Female,TLM
566,Leilah,Duckham,lduckhamfp@sitemeter.com,Female,DIN
567,Yolane,Ramelot,yramelotfq@wikipedia.org,Female,DJE
568,Fedora,Eastope,feastopefr@themeforest.net,Female,MZA
569,Wilona,McGowran,wmcgowranfs@gizmodo.com,Female,MTN
570,Lyn,MacTeggart,lmacteggartft@house.gov,Male,BKX
571,Torrey,Willgress,twillgressfu@hud.gov,Male,YPS
572,Gunter,Gonthard,ggonthardfv@ucoz.ru,Male,OCS
573,Pace,Killich,pkillichfw@clickbank.net,Male,TAV
574,Tarrah,Vaisey,tvaiseyfx@pbs.org,Female,LTC
575,Salem,Baxendale,sbaxendalefy@mayoclinic.com,Male,RSE
576,Ancell,Romera,aromerafz@livejournal.com,Male,MIU
577,Halsey,Isaksson,hisakssong0@vistaprint.com,Male,IBE
578,Scotty,Fleisch,sfleischg1@gizmodo.com,Male,MIH
579,Shayne,Jouning,sjouningg2@ning.com,Genderfluid,OYE
580,Dniren,Edelheid,dedelheidg3@digg.com,Female,SMA
581,Cindy,Tolotti,ctolottig4@marriott.com,Female,XPK
582,Janean,Delamere,jdelamereg5@cpanel.net,Female,CYT
583,Guglielma,Newton,gnewtong6@youtu.be,Female,WIL
584,Norton,Huggen,nhuggeng7@dailymail.co.uk,Male,CXO
585,Elisha,Kittow,ekittowg8@bloomberg.com,Female,GJA
586,Lissie,Cheeseman,lcheesemang9@wordpress.org,Female,BET
587,Rudie,Berceros,rbercerosga@seattletimes.com,Male,AQM
588,Karil,Owens,kowensgb@google.nl,Female,ANQ
589,Tyne,Treffrey,ttreffreygc@infoseek.co.jp,Female,KCZ
590,Tate,Antonio,tantoniogd@phoca.cz,Male,EMD
591,Omero,Davers,odaversge@pcworld.com,Male,MIP
592,Eleanora,Treharne,etreharnegf@abc.net.au,Female,VNA
593,Corby,Elstob,celstobgg@who.int,Male,JJD
594,Lyndel,Vasilic,lvasilicgh@clickbank.net,Female,WBM
595,Cozmo,Goldsmith,cgoldsmithgi@seattletimes.com,Agender,VDA
596,Ugo,Selwin,uselwingj@prnewswire.com,Male,OYP
597,Baillie,Godridge,bgodridgegk@csmonitor.com,Male,VOH
598,Jerome,McPeck,jmcpeckgl@wufoo.com,Male,SGG
599,Lorelle,Simacek,lsimacekgm@berkeley.edu,Female,CPV
600,Baron,Aries,bariesgn@salon.com,Genderfluid,IRD
601,Rozelle,Fearnyhough,rfearnyhoughgo@dot.gov,Female,MDO
602,Holt,Stealey,hstealeygp@twitter.com,Male,IND
603,Adaline,Castillou,acastillougq@bbb.org,Female,ZQW
604,Alica,Grishin,agrishingr@yale.edu,Female,CXL
605,Teodoro,Bessent,tbessentgs@biglobe.ne.jp,Male,VAK
606,Iseabal,Claessens,iclaessensgt@dedecms.com,Female,PMN
607,Anderson,Facchini,afacchinigu@alibaba.com,Male,RVE
608,Delly,Shubotham,dshubothamgv@nhs.uk,Female,PCB
609,Carmelle,Trounson,ctrounsongw@behance.net,Female,HLB
610,Regan,Shovlin,rshovlingx@prweb.com,Non-binary,AOL
611,Nelly,Aldous,naldousgy@t.co,Agender,MYE
612,Duffy,Denial,ddenialgz@tamu.edu,Male,ONP
613,Thorpe,Damarell,tdamarellh0@google.cn,Male,OKK
614,Durand,Reany,dreanyh1@toplist.cz,Male,YDJ
615,Alexandrina,Stenhouse,astenhouseh2@studiopress.com,Genderqueer,FEJ
616,Merrile,Smurfitt,msmurfitth3@usatoday.com,Female,BIX
617,Kale,Lenney,klenneyh4@tmall.com,Male,WJF
618,Timothy,Gribbin,tgribbinh5@php.net,Male,TVA
619,Lenee,Dungate,ldungateh6@typepad.com,Female,RKW
620,Trumann,Grealy,tgrealyh7@eepurl.com,Male,BAB
621,Phip,Cragg,pcraggh8@jalbum.net,Male,0
622,Dorian,Chawner,dchawnerh9@flavors.me,Male,QMF
623,Giralda,Peacocke,gpeacockeha@shinystat.com,Female,MQJ
624,Katee,Philipet,kphilipethb@networksolutions.com,Female,CML
625,Alexa,Krystof,akrystofhc@github.io,Non-binary,CLX
626,Nat,Simms,nsimmshd@squidoo.com,Male,YNY
627,Maryanne,Bartalin,mbartalinhe@deviantart.com,Female,CMO
628,Althea,Ribbens,aribbenshf@clickbank.net,Female,DBQ
629,Mireille,Aggas,maggashg@guardian.co.uk,Female,HRL
630,Aldous,Magson,amagsonhh@si.edu,Male,RCL
631,Yolane,Filde,yfildehi@army.mil,Female,THF
632,Hagan,Basset,hbassethj@bizjournals.com,Male,ATQ
633,Kathie,Windmill,kwindmillhk@mediafire.com,Polygender,LFQ
634,Harmonie,Stearndale,hstearndalehl@spiegel.de,Bigender,BLK
635,Heddi,Duckfield,hduckfieldhm@bigcartel.com,Non-binary,WAT
636,Sandie,Le Ball,sleballhn@redcross.org,Female,0
637,Broderick,Lehenmann,blehenmannho@weather.com,Male,OTK
638,Jo,Leirmonth,jleirmonthhp@ocn.ne.jp,Female,NTD
639,Corry,Arnoll,carnollhq@tripod.com,Female,LGG
640,Berkly,De Meis,bdemeishr@tumblr.com,Male,YRS
641,Artemis,Bew,abewhs@wordpress.org,Male,SPS
642,Theressa,Challes,tchallesht@tinyurl.com,Female,KTO
643,Kendra,Robker,krobkerhu@npr.org,Female,EDW
644,De,Mathivet,dmathivethv@over-blog.com,Female,HLO
645,Terrance,Glewe,tglewehw@woothemes.com,Male,SUK
646,Dermot,Annes,danneshx@storify.com,Male,OMN
647,Giselle,Glaisner,gglaisnerhy@symantec.com,Female,NOR
648,Boone,Cuningham,bcuninghamhz@omniture.com,Male,WFK
649,Robbert,Holsall,rholsalli0@imgur.com,Male,LMP
650,Kirsten,Coultous,kcoultousi1@webnode.com,Female,LIW
651,Dalli,Footer,dfooteri2@army.mil,Male,RUP
652,Morissa,Barrabeale,mbarrabealei3@sbwire.com,Female,MJA
653,Godfrey,Lightbowne,glightbownei4@china.com.cn,Male,VAK
654,Jarret,Ubank,jubanki5@cam.ac.uk,Male,KTY
655,Palmer,Swidenbank,pswidenbanki6@amazon.de,Male,OLM
656,Roby,Jeste,rjestei7@psu.edu,Female,BNR
657,Pet,Melonby,pmelonbyi8@bloomberg.com,Female,NDJ
658,Celesta,Puckett,cpucketti9@dagondesign.com,Female,KKI
659,Alexio,Normington,anormingtonia@indiatimes.com,Male,NHD
660,Jon,McLeman,jmclemanib@google.pl,Male,DMT
661,Godfree,Tonn,gtonnic@washingtonpost.com,Male,AOT
662,Dougie,MacMoyer,dmacmoyerid@house.gov,Male,SOB
663,Sloane,Rumsby,srumsbyie@smugmug.com,Male,BAJ
664,Silvan,Brimming,sbrimmingif@smh.com.au,Male,STE
665,Damita,Beautyman,dbeautymanig@canalblog.com,Female,LTL
666,Guthrey,Ambrosoni,gambrosoniih@domainmarket.com,Male,TRZ
667,Carly,Fetherstonhaugh,cfetherstonhaughii@squidoo.com,Female,LIB
668,Francoise,Mettetal,fmettetalij@naver.com,Female,HGA
669,Myranda,Petrazzi,mpetrazziik@japanpost.jp,Female,BEO
670,Reta,Kendrew,rkendrewil@squarespace.com,Female,OKF
671,Walker,McConville,wmcconvilleim@usnews.com,Male,KDJ
672,Tabatha,Moores,tmooresin@howstuffworks.com,Female,SLK
673,Shelbi,Martill,smartillio@issuu.com,Female,KOZ
674,Ruthe,Baistow,rbaistowip@goo.ne.jp,Female,VSK
675,Dalila,Crayke,dcraykeiq@bigcartel.com,Female,KBY
676,Grange,Helis,ghelisir@friendfeed.com,Polygender,VTZ
677,Wilma,Birtwhistle,wbirtwhistleis@chronoengine.com,Genderfluid,IRN
678,Dorena,Hainsworth,dhainsworthit@sohu.com,Female,WUI
679,Martguerita,Ogbourne,mogbourneiu@ftc.gov,Female,MVZ
680,David,Niche,dnicheiv@macromedia.com,Male,CSN
681,Berky,Wiz,bwiziw@berkeley.edu,Male,CCA
682,Rosalynd,Nethercott,rnethercottix@youtu.be,Female,TXN
683,Taite,Liston,tlistoniy@123-reg.co.uk,Male,SQV
684,Maje,Leete,mleeteiz@omniture.com,Male,BTS
685,Evelyn,Iacoboni,eiacobonij0@webnode.com,Male,KCC
686,Peter,Trussell,ptrussellj1@etsy.com,Male,AUW
687,Edita,Piesold,epiesoldj2@uiuc.edu,Female,MQC
688,Merrick,Copestake,mcopestakej3@businessweek.com,Male,PSX
689,Rosalynd,Chree,rchreej4@themeforest.net,Female,CLB
690,Olia,Spracklin,ospracklinj5@nytimes.com,Bigender,ALS
691,Pearce,Kubis,pkubisj6@free.fr,Male,RKU
692,Vivyanne,Davys,vdavysj7@weibo.com,Female,QLD
693,Ichabod,Connock,iconnockj8@so-net.ne.jp,Male,OWK
694,Codie,Milhench,cmilhenchj9@gravatar.com,Male,REX
695,Beaufort,Petranek,bpetranekja@cbslocal.com,Male,GOE
696,Tracey,Livsey,tlivseyjb@mit.edu,Female,COT
697,Veronike,Sleep,vsleepjc@globo.com,Female,LCK
698,Tobye,Beresford,tberesfordjd@wix.com,Female,LHC
699,Darill,Checci,dcheccije@amazon.co.uk,Male,PYL
700,Kala,Lacknor,klacknorjf@e-recht24.de,Female,TID
701,Rabbi,Sowray,rsowrayjg@soup.io,Male,BNP
702,Blaire,Carswell,bcarswelljh@prlog.org,Female,MMS
703,Reynold,Pothergill,rpothergillji@fema.gov,Male,GDH
704,Ardelis,Arbuckle,aarbucklejj@hc360.com,Female,TLT
705,Prudence,Davidof,pdavidofjk@deviantart.com,Female,THX
706,Hillie,Yexley,hyexleyjl@hao123.com,Male,AFL
707,Melloney,Humberston,mhumberstonjm@github.com,Female,XFN
708,Rubia,Feighry,rfeighryjn@princeton.edu,Female,KSJ
709,Daniela,Gaiford,dgaifordjo@dropbox.com,Female,TMW
710,Phedra,Meakes,pmeakesjp@quantcast.com,Female,STM
711,Chan,Willoughey,cwillougheyjq@usatoday.com,Male,DGR
712,Gennifer,Cookney,gcookneyjr@alexa.com,Female,0
713,Tymothy,Petrelluzzi,tpetrelluzzijs@economist.com,Male,CXN
714,Karlee,Lermouth,klermouthjt@oaic.gov.au,Female,EGH
715,Jefferson,Boundy,jboundyju@sciencedirect.com,Male,ELK
716,Kass,Dulinty,kdulintyjv@hud.gov,Agender,NRD
717,Ninette,Huckin,nhuckinjw@skyrock.com,Female,XPA
718,Florian,Finneran,ffinneranjx@alexa.com,Male,AIU
719,Haven,Vallantine,hvallantinejy@fc2.com,Male,LDN
720,Sheryl,Fontell,sfontelljz@independent.co.uk,Bigender,VKG
721,Andros,Habbon,ahabbonk0@whitehouse.gov,Male,SVT
722,Cristal,Yendle,cyendlek1@usatoday.com,Female,DOA
723,Waring,Fiander,wfianderk2@yellowbook.com,Agender,YYL
724,Lana,Seaborne,lseabornek3@ezinearticles.com,Female,TGP
725,Zsa zsa,Caslin,zcaslink4@163.com,Female,BCR
726,Christoph,Rosenfarb,crosenfarbk5@theguardian.com,Polygender,MHT
727,Lilyan,Tipperton,ltippertonk6@google.com.br,Female,TBU
728,Verine,Humbell,vhumbellk7@cdbaby.com,Female,LOD
729,Wynne,Cohn,wcohnk8@toplist.cz,Female,LAP
730,Petrina,Sprigging,pspriggingk9@paginegialle.it,Female,AOA
731,Florance,Mayler,fmaylerka@salon.com,Female,LLG
732,Arther,Kopisch,akopischkb@china.com.cn,Male,OIT
733,Rebekkah,Walkingshaw,rwalkingshawkc@cocolog-nifty.com,Female,BRI
734,Horatia,Khoter,hkhoterkd@myspace.com,Female,XAU
735,Corny,Hamilton,chamiltonke@wp.com,Female,YOJ
736,Melvin,Marshland,mmarshlandkf@blog.com,Male,SDV
737,Glad,Arthars,gartharskg@prlog.org,Polygender,LOM
738,Alisun,Gillingwater,agillingwaterkh@desdev.cn,Female,NQI
739,Chelsie,Francesc,cfrancescki@weebly.com,Female,SKO
740,Meg,Tattersill,mtattersillkj@adobe.com,Female,LPS
741,Ole,Woodthorpe,owoodthorpekk@shinystat.com,Male,OPW
742,Linoel,Real,lrealkl@wordpress.com,Male,ASE
743,Louie,Harrhy,lharrhykm@unesco.org,Male,IBE
744,Odille,Goricke,ogorickekn@cafepress.com,Female,KEW
745,Sapphira,Erskine,serskineko@webeden.co.uk,Female,KUN
746,Kerianne,Iacovelli,kiacovellikp@twitpic.com,Female,KMV
747,Akim,Prester,apresterkq@plala.or.jp,Male,KKT
748,Richard,De'Ath,rdeathkr@hugedomains.com,Male,ELR
749,Emmery,Smithin,esmithinks@bbc.co.uk,Male,UBT
750,Sigismund,Guppie,sguppiekt@vinaora.com,Male,XSO
751,Beatrix,Woltman,bwoltmanku@privacy.gov.au,Female,XIJ
752,Leigha,Hammerberg,lhammerbergkv@joomla.org,Female,BAH
753,Dave,Rowson,drowsonkw@geocities.com,Male,GRL
754,Lance,Abbie,labbiekx@ow.ly,Male,SNL
755,Corette,Haggata,chaggataky@japanpost.jp,Female,MTW
756,Doreen,Glaysher,dglaysherkz@163.com,Female,MYW
757,Mile,Maleby,mmalebyl0@gravatar.com,Male,ISK
758,Kial,Wolton,kwoltonl1@vistaprint.com,Female,RND
759,Carlie,Battabee,cbattabeel2@un.org,Female,TKP
760,Keri,Rivers,kriversl3@seattletimes.com,Female,IFP
761,Raychel,Matisoff,rmatisoffl4@nature.com,Female,ENS
762,Roberta,Firebrace,rfirebracel5@admin.ch,Female,NOJ
763,Fedora,Cage,fcagel6@thetimes.co.uk,Female,CGP
764,Lyndel,Atrill,latrilll7@ftc.gov,Female,KOY
765,Brendis,Challace,bchallacel8@alibaba.com,Male,GYU
766,Ilise,Holttom,iholttoml9@360.cn,Female,POM
767,Marion,Jeannard,mjeannardla@jalbum.net,Male,FEZ
768,Heddie,Prosser,hprosserlb@archive.org,Female,IAO
769,Mona,Franies,mfranieslc@stumbleupon.com,Female,DUN
770,Binnie,Limpertz,blimpertzld@histats.com,Female,HYL
771,Reggi,Cammocke,rcammockele@msn.com,Female,CXP
772,Demetria,Riatt,driattlf@yellowbook.com,Female,FFA
773,Maddie,Charlewood,mcharlewoodlg@apache.org,Female,IVL
774,Darcie,Calcut,dcalcutlh@fastcompany.com,Female,GNU
775,Marga,Handman,mhandmanli@telegraph.co.uk,Female,BAZ
776,Deina,Rosell,droselllj@hubpages.com,Female,SJH
777,Morie,Furmonger,mfurmongerlk@ebay.co.uk,Male,LYM
778,Web,Hyman,whymanll@soundcloud.com,Male,NCR
779,Gustie,Bernade,gbernadelm@wordpress.com,Female,ZND
780,Karlik,Maybery,kmayberyln@diigo.com,Male,OEM
781,Wilek,Preston,wprestonlo@dmoz.org,Male,AUV
782,Hilton,Broadway,hbroadwaylp@narod.ru,Male,BZP
783,Art,Varndall,avarndalllq@prnewswire.com,Male,HAF
784,Laura,Feasley,lfeasleylr@livejournal.com,Female,ZKG
785,Adel,Brannigan,abranniganls@woothemes.com,Female,EVW
786,Magda,Shalcras,mshalcraslt@jugem.jp,Polygender,JKL
787,Gerrard,Rope,gropelu@uol.com.br,Male,MLL
788,Henrie,Varnes,hvarneslv@angelfire.com,Female,MYQ
789,Eda,Palomba,epalombalw@macromedia.com,Female,XMI
790,Anatole,Avent,aaventlx@canalblog.com,Male,WEA
791,Rycca,Harken,rharkenly@dagondesign.com,Female,BPD
792,Jannelle,Loader,jloaderlz@youku.com,Female,MOI
793,Milzie,Bodimeade,mbodimeadem0@vimeo.com,Female,MZL
794,Tuck,Kneeland,tkneelandm1@nifty.com,Male,SPR
795,Loralee,Densham,ldenshamm2@mozilla.com,Female,GDV
796,Hamlin,Cahalin,hcahalinm3@cpanel.net,Agender,EMG
797,Cris,Hardwidge,chardwidgem4@noaa.gov,Female,SOR
798,Alla,Kleynermans,akleynermansm5@hp.com,Female,KBU
799,Jacquelyn,Willas,jwillasm6@utexas.edu,Female,QSC
800,Otis,Verick,overickm7@qq.com,Male,TCJ
801,Mathilda,Gumme,mgummem8@hc360.com,Female,DSI
802,Julie,Gregson,jgregsonm9@netlog.com,Female,LUB
803,Leighton,Newham,lnewhamma@symantec.com,Male,KJA
804,Cletis,Samber,csambermb@indiatimes.com,Male,GIL
805,Vincent,Biggadike,vbiggadikemc@hc360.com,Agender,BDT
806,Thedrick,Fears,tfearsmd@themeforest.net,Male,BBP
807,Troy,Lanham,tlanhamme@abc.net.au,Male,BIL
808,Webb,Pollastro,wpollastromf@mac.com,Male,LCV
809,Tedmund,O' Meara,tomearamg@google.com.au,Male,PON
810,Caralie,Ainsby,cainsbymh@cam.ac.uk,Female,YOH
811,Flory,Cunah,fcunahmi@amazonaws.com,Male,BAE
812,Chaddie,Hylton,chyltonmj@home.pl,Genderqueer,CAB
813,Markos,Yanukhin,myanukhinmk@princeton.edu,Male,NOJ
814,Lothaire,Kenny,lkennyml@apple.com,Male,OIC
815,Tildy,Woolcocks,twoolcocksmm@bluehost.com,Female,BCX
816,Burl,Morrowe,bmorrowemn@ocn.ne.jp,Male,YPN
817,Reeba,Mannakee,rmannakeemo@twitter.com,Female,NOV
818,Tibold,Yarnall,tyarnallmp@mit.edu,Male,JUO
819,Tate,Hancox,thancoxmq@blogs.com,Male,WCR
820,Norris,Hanscome,nhanscomemr@google.com.br,Male,UKB
821,Sayre,Lorent,slorentms@cornell.edu,Male,MUP
822,Scot,Crooke,scrookemt@dell.com,Male,NYU
823,Cletis,Ahern,cahernmu@xing.com,Genderqueer,USU
824,Lavinia,Kennan,lkennanmv@etsy.com,Female,RBW
825,Lenette,Lackington,llackingtonmw@indiegogo.com,Female,ADO
826,Mellisent,Beseke,mbesekemx@tumblr.com,Female,AYE
827,Devina,Biddleston,dbiddlestonmy@sun.com,Female,FBL
828,Bert,Kalvin,bkalvinmz@sina.com.cn,Male,NNL
829,Aland,Bowler,abowlern0@nyu.edu,Male,KWY
830,Osbert,Anear,oanearn1@printfriendly.com,Male,SUM
831,Man,Osselton,mosseltonn2@w3.org,Male,MTI
832,Rowney,Saich,rsaichn3@jimdo.com,Genderqueer,RBE
833,Nicol,Giffaut,ngiffautn4@comcast.net,Male,GUW
834,Tadd,Quinby,tquinbyn5@nih.gov,Male,ULZ
835,Berty,Jeeks,bjeeksn6@ifeng.com,Female,BET
836,Lucius,Vedekhov,lvedekhovn7@zimbio.com,Male,MCO
837,Ashil,Vigar,avigarn8@apache.org,Female,SGR
838,Bennett,Bertwistle,bbertwistlen9@slate.com,Male,DDC
839,Fallon,Issakov,fissakovna@washington.edu,Female,OGD
840,Kimberly,Higgoe,khiggoenb@wunderground.com,Female,CRC
841,Patsy,Dimsdale,pdimsdalenc@ameblo.jp,Male,DKR
842,Cart,Sirkett,csirkettnd@weather.com,Male,WBD
843,Barri,Budnk,bbudnkne@ocn.ne.jp,Male,ROY
844,Darlene,Cardenas,dcardenasnf@ebay.com,Agender,ZIG
845,Mirella,Spaducci,mspaduccing@unesco.org,Female,AGL
846,Magda,McKew,mmckewnh@odnoklassniki.ru,Female,SKK
847,Richard,Wandtke,rwandtkeni@wunderground.com,Male,RUY
848,Thor,Normavell,tnormavellnj@hhs.gov,Male,LSK
849,Ward,Ferrieroi,wferrieroink@rakuten.co.jp,Male,HUN
850,Martita,Ovey,moveynl@samsung.com,Female,ADV
851,Ewell,Ronaghan,eronaghannm@theguardian.com,Male,TAQ
852,Tallie,Iverson,tiversonnn@xrea.com,Male,QJP
853,Marys,Robberts,mrobbertsno@joomla.org,Female,KPO
854,Abran,Adshed,aadshednp@house.gov,Bigender,SGC
855,Conni,McCloch,cmcclochnq@reference.com,Polygender,VAT
856,Jeane,Pillinger,jpillingernr@desdev.cn,Female,XBO
857,Becka,Lait,blaitns@seattletimes.com,Female,ISC
858,Dillie,Swansbury,dswansburynt@amazon.co.jp,Male,IDI
859,Gregoor,Pirazzi,gpirazzinu@globo.com,Male,THS
860,Dael,Donohue,ddonohuenv@sohu.com,Genderqueer,YSO
861,Ward,Goligly,wgoliglynw@si.edu,Genderfluid,PJG
862,Glenn,Junifer,gjunifernx@census.gov,Non-binary,TXL
863,Noellyn,Stickings,nstickingsny@flavors.me,Female,YYU
864,Marris,McBain,mmcbainnz@mysql.com,Female,OZR
865,Dory,Gullan,dgullano0@myspace.com,Female,INI
866,Derry,Mumbeson,dmumbesono1@yale.edu,Male,LRQ
867,Lodovico,Ortet,lorteto2@marketwatch.com,Male,VRE
868,Claiborne,Ceaser,cceasero3@oaic.gov.au,Male,DLR
869,Nye,Davidovich,ndavidovicho4@canalblog.com,Male,TMF
870,Chaim,Scoullar,cscoullaro5@gov.uk,Male,YLW
871,Mickey,Favela,mfavelao6@youtu.be,Male,IXZ
872,Simona,Pickard,spickardo7@engadget.com,Female,DBT
873,Fanni,Gilkison,fgilkisono8@theatlantic.com,Female,LRO
874,Kelby,McCorley,kmccorleyo9@cbsnews.com,Male,OSF
875,Yves,Ellcock,yellcockoa@netscape.com,Male,BJB
876,Rora,Bricklebank,rbricklebankob@nydailynews.com,Female,GUV
877,Artemas,Ianne,aianneoc@hhs.gov,Male,LPG
878,Haroun,Burdon,hburdonod@shop-pro.jp,Male,CHP
879,Ade,Stephens,astephensoe@wikimedia.org,Male,APS
880,Vladamir,Symson,vsymsonof@1und1.de,Male,BYL
881,Joel,Egdale,jegdaleog@w3.org,Genderfluid,ALX
882,Grantley,Chastan,gchastanoh@cyberchimps.com,Male,HYR
883,Saudra,Goodram,sgoodramoi@deviantart.com,Female,LTW
884,Mariana,Larrington,mlarringtonoj@weather.com,Female,MSC
885,Wallis,Antognozzii,wantognozziiok@webmd.com,Male,NZY
886,Fergus,Coulthard,fcoulthardol@cornell.edu,Male,IAB
887,Aurthur,Killock,akillockom@hp.com,Male,OKY
888,Abigael,Cavee,acaveeon@shinystat.com,Female,YZV
889,Win,Persence,wpersenceoo@com.com,Male,FSC
890,Virgie,Barnsley,vbarnsleyop@pen.io,Female,PDP
891,Guillaume,Stutard,gstutardoq@about.me,Male,PDT
892,Kristoforo,Braycotton,kbraycottonor@businessweek.com,Non-binary,NSK
893,Thane,MacGebenay,tmacgebenayos@desdev.cn,Male,MSL
894,Domenic,Avramow,davramowot@freewebs.com,Male,CLT
895,Brynna,Aucott,baucottou@amazon.de,Female,FID
896,Towny,Alessandrini,talessandriniov@nature.com,Agender,KHJ
897,Rhianna,Agglione,ragglioneow@redcross.org,Genderfluid,KPS
898,Zedekiah,Sumshon,zsumshonox@xrea.com,Male,EOR
899,Jolie,Crease,jcreaseoy@webs.com,Female,UMT
900,Rhetta,Brennand,rbrennandoz@ucoz.com,Genderfluid,MEF
901,Clo,Barnewelle,cbarnewellep0@pagesperso-orange.fr,Female,OBM
902,Caterina,Holtaway,choltawayp1@123-reg.co.uk,Polygender,NOR
903,Rudolfo,Theseira,rtheseirap2@friendfeed.com,Male,YMX
904,Ty,Adan,tadanp3@pbs.org,Male,KPV
905,Waring,Cunningham,wcunninghamp4@uiuc.edu,Male,RDG
906,Humbert,Broschek,hbroschekp5@geocities.com,Male,LUI
907,Emmalee,Withull,ewithullp6@1und1.de,Female,BXN
908,Mendie,McGrill,mmcgrillp7@dot.gov,Male,KEM
909,Doroteya,Glusby,dglusbyp8@printfriendly.com,Female,SMO
910,Porty,Swannie,pswanniep9@ycombinator.com,Male,BWI
911,Evin,Capaldo,ecapaldopa@house.gov,Male,AQP
912,Jaclin,Pestricke,jpestrickepb@topsy.com,Female,PIZ
913,Martica,Widdall,mwiddallpc@vistaprint.com,Female,HBE
914,Myriam,De Witt,mdewittpd@state.tx.us,Female,GEM
915,Marianne,Hindrich,mhindrichpe@icq.com,Genderqueer,YJP
916,Ricard,Antrack,rantrackpf@tmall.com,Polygender,GMR
917,Jean,Starbuck,jstarbuckpg@oracle.com,Female,GYM
918,Raynell,Hansill,rhansillph@hc360.com,Female,LML
919,Leonerd,Amdohr,lamdohrpi@drupal.org,Male,CRZ
920,Marlo,Kinde,mkindepj@merriam-webster.com,Male,KRY
921,Kathrine,Blunn,kblunnpk@studiopress.com,Female,QLS
922,Samuele,Trimmill,strimmillpl@youtu.be,Male,0
923,Mariska,Kirrens,mkirrenspm@blinklist.com,Female,BCE
924,Linell,Vickers,lvickerspn@reddit.com,Female,BIQ
925,Osmund,Fortie,ofortiepo@bbc.co.uk,Male,RBK
926,Morgan,Forten,mfortenpp@whitehouse.gov,Male,GOP
927,Inna,Georgievski,igeorgievskipq@t-online.de,Female,MSN
928,Redford,Reyes,rreyespr@pinterest.com,Male,CIP
929,Joel,Grennan,jgrennanps@phoca.cz,Male,SZS
930,Burch,Swannie,bswanniept@joomla.org,Non-binary,VYI
931,Jinny,Dei,jdeipu@weibo.com,Female,ONL
932,Tabby,Blount,tblountpv@joomla.org,Female,BPC
933,Sean,Burgoine,sburgoinepw@admin.ch,Female,PSE
934,Vernor,Sayre,vsayrepx@arizona.edu,Male,SQQ
935,Sergeant,Delgua,sdelguapy@theguardian.com,Male,WLO
936,Willi,Pendrey,wpendreypz@archive.org,Male,YOT
937,Tobit,Kerrigan,tkerriganq0@icq.com,Male,YON
938,Colline,Durbyn,cdurbynq1@gizmodo.com,Female,NWT
939,Jerri,Arthy,jarthyq2@skyrock.com,Male,AEQ
940,Hernando,Phittiplace,hphittiplaceq3@sourceforge.net,Male,VXC
941,Charlene,Schreiner,cschreinerq4@ebay.co.uk,Female,SYQ
942,Ruttger,Gronow,rgronowq5@1688.com,Male,CEV
943,Rhett,Franks,rfranksq6@newyorker.com,Male,JCK
944,Aylmar,McCready,amccreadyq7@npr.org,Male,DLY
945,Rosaline,Isley,risleyq8@photobucket.com,Female,ALV
946,Tuckie,Dimitrie,tdimitrieq9@hubpages.com,Male,GIS
947,Harriet,Stapleford,hstaplefordqa@oracle.com,Female,KRW
948,Ingelbert,Simonsen,isimonsenqb@edublogs.org,Male,TPN
949,Thorpe,Crocumbe,tcrocumbeqc@wikimedia.org,Male,AEP
950,Maren,McDell,mmcdellqd@latimes.com,Polygender,SBA
951,Hedwig,Flaverty,hflavertyqe@issuu.com,Female,AYY
952,Lindsay,Baelde,lbaeldeqf@epa.gov,Male,SMJ
953,Griffie,Flintiff,gflintiffqg@nih.gov,Male,QLP
954,Jeannie,Knock,jknockqh@opera.com,Female,KIA
955,Thayne,Pownall,tpownallqi@netscape.com,Male,ODA
956,Amandie,Lambertini,alambertiniqj@parallels.com,Female,OCH
957,Jesse,Kenington,jkeningtonqk@auda.org.au,Female,MVB
958,Hermione,Storek,hstorekql@eventbrite.com,Female,UKS
959,Bambi,Wesson,bwessonqm@mlb.com,Female,IXZ
960,Normy,Wennington,nwenningtonqn@nydailynews.com,Male,0
961,Jereme,Fassan,jfassanqo@java.com,Male,RUH
962,Javier,Beeble,jbeebleqp@theatlantic.com,Non-binary,EDW
963,Jolee,McLorinan,jmclorinanqq@tinypic.com,Female,JSI
964,Winifield,Nickell,wnickellqr@mysql.com,Male,FRQ
965,Dar,Gannicleff,dgannicleffqs@topsy.com,Male,ALN
966,Selie,Maliffe,smaliffeqt@linkedin.com,Female,MUA
967,Rorke,Kunkler,rkunklerqu@flavors.me,Male,MUT
968,Camel,Keasy,ckeasyqv@ask.com,Female,ACH
969,Jamima,Pinor,jpinorqw@accuweather.com,Female,DEZ
970,Prue,Polycote,ppolycoteqx@va.gov,Female,CBG
971,Benjamin,Itzakson,bitzaksonqy@naver.com,Male,MWL
972,Nessi,Rook,nrookqz@whitehouse.gov,Female,TEX
973,Willamina,Oultram,woultramr0@tripadvisor.com,Female,BSD
974,Leia,Ghiron,lghironr1@1688.com,Female,GGL
975,Glynda,Pottle,gpottler2@sphinn.com,Female,UKR
976,Nike,Glastonbury,nglastonburyr3@mysql.com,Female,0
977,Sandye,Windmill,swindmillr4@whitehouse.gov,Bigender,AJF
978,Carolann,Beauchop,cbeauchopr5@networksolutions.com,Female,PNG
979,Cazzie,Moiser,cmoiserr6@yolasite.com,Male,MSN
980,Durand,Bangs,dbangsr7@youtu.be,Male,RZN
981,Aurilia,Raymond,araymondr8@4shared.com,Female,MTF
982,Gill,Gallihaulk,ggallihaulkr9@unblog.fr,Male,KPA
983,Opaline,Elph,oelphra@hatena.ne.jp,Female,BUM
984,Bibby,Lawlan,blawlanrb@pcworld.com,Female,CKG
985,Dulcy,Dutt,dduttrc@mtv.com,Female,ECI
986,Dusty,Brunnen,dbrunnenrd@about.com,Female,UAX
987,Filia,Andrusov,fandrusovre@ucsd.edu,Female,DMO
988,Debora,McNutt,dmcnuttrf@ovh.net,Female,SHM
989,Fae,Jerg,fjergrg@tinyurl.com,Female,SIW
990,Germain,Ivchenko,givchenkorh@geocities.jp,Male,CDJ
991,Ynez,Handaside,yhandasideri@stanford.edu,Polygender,YFJ
992,Waldemar,Denley,wdenleyrj@reuters.com,Male,ZAZ
993,Oran,Fincke,ofinckerk@vkontakte.ru,Male,CKU
994,Harriet,Pavlov,hpavlovrl@163.com,Female,HVG
995,Bria,Corteney,bcorteneyrm@clickbank.net,Female,MYF
996,Joycelin,Shoemark,jshoemarkrn@harvard.edu,Female,KVR
997,Suzanna,Di Carlo,sdicarloro@ameblo.jp,Female,SRS
998,Lay,Verheijden,lverheijdenrp@fc2.com,Male,OAJ
999,Aggi,Iscowitz,aiscowitzrq@joomla.org,Female,WAR
1000,Bettye,Jannings,bjanningsrr@ted.com,Female,QNY
